script	depends_on
auth.py	os.py
auth.py	psycopg.py
auth.py	requests.py
auth.py	time.py
auth.py	typing.py
ingest_contracts_snapshot.py	argparse.py
ingest_contracts_snapshot.py	csv.py
ingest_contracts_snapshot.py	pathlib.py
ingest_contracts_snapshot.py	psycopg.py
ingest_contracts_snapshot.py	re.py
ingest_contracts_snapshot.py	typing.py
inventory_dependency_map.py	os.py
inventory_dependency_map.py	pathlib.py
inventory_dependency_map.py	re.py
inventory_repo_tree.py	os.py
inventory_repo_tree.py	pathlib.py
inventory_scripts.py	ast.py
inventory_scripts.py	os.py
inventory_scripts.py	pathlib.py
inventory_scripts.py	re.py
load_roster_players_to_postgres.py	json.py
load_roster_players_to_postgres.py	os.py
load_roster_players_to_postgres.py	psycopg.py
load_yahoo_transactions.py	glob.py
load_yahoo_transactions.py	json.py
load_yahoo_transactions.py	os.py
load_yahoo_transactions.py	pathlib.py
load_yahoo_transactions.py	psycopg.py
reconcile_contract_names.py	os.py
reconcile_contract_names.py	psycopg.py
reconcile_contract_names.py	re.py
reconcile_contract_names_local.py	os.py
reconcile_contract_names_local.py	psycopg.py
reconcile_contract_names_local.py	re.py
reconcile_contract_ownership.py	os.py
reconcile_contract_ownership.py	psycopg.py
yahoo_game_leagues.py	auth.py
yahoo_game_leagues.py	json.py
yahoo_game_leagues.py	os.py
yahoo_game_leagues.py	pathlib.py
yahoo_game_leagues.py	requests.py
yahoo_league_settings.py	auth.py
yahoo_league_settings.py	json.py
yahoo_league_settings.py	pathlib.py
yahoo_league_settings.py	requests.py
yahoo_league_teams.py	auth.py
yahoo_league_teams.py	json.py
yahoo_league_teams.py	os.py
yahoo_league_teams.py	pathlib.py
yahoo_league_teams.py	requests.py
yahoo_league_transactions.py	auth.py
yahoo_league_transactions.py	json.py
yahoo_league_transactions.py	os.py
yahoo_league_transactions.py	pathlib.py
yahoo_league_transactions.py	requests.py
yahoo_league_transactions_snapshot_full_season.py	auth.py
yahoo_league_transactions_snapshot_full_season.py	json.py
yahoo_league_transactions_snapshot_full_season.py	os.py
yahoo_league_transactions_snapshot_full_season.py	pathlib.py
yahoo_league_transactions_snapshot_full_season.py	requests.py
yahoo_league_transactions_snapshot_full_season_drop.py	auth.py
yahoo_league_transactions_snapshot_full_season_drop.py	json.py
yahoo_league_transactions_snapshot_full_season_drop.py	os.py
yahoo_league_transactions_snapshot_full_season_drop.py	pathlib.py
yahoo_league_transactions_snapshot_full_season_drop.py	requests.py
yahoo_team_roster.py	auth.py
yahoo_team_roster.py	json.py
yahoo_team_roster.py	os.py
yahoo_team_roster.py	pathlib.py
yahoo_team_roster.py	requests.py
yahoo_users_games.py	auth.py
yahoo_users_games.py	json.py
yahoo_users_games.py	os.py
yahoo_users_games.py	pathlib.py
yahoo_users_games.py	requests.py
